country,dim_code,dimension,primary_source_url,coder2_level(0-4),coder2_evidence_grade(H/M/L),coder2_justification,coder2_extra_source(optional)
China,B1,Indigenous PQC primitive,https://www.niccs.org.cn/symmbzyjy/tzgg/pc/content/1976155884915003392/content_1976155884915003392.html,3,H,"ICCS next-generation public-key algorithm call seen on niccs.org.cn (issued Feb 2025, submissions closed June 2026); the CACR 2018-19 competition produced indigenous schemes (LAC, Aigis) and LAC was a NIST Round 2 submission; no national PQC standard has been issued yet.",https://thequantuminsider.com/2026/03/19/china-expects-post-quantum-cryptography-standards-within-three-years/
China,B2,PQC implementation control,https://en.qapp.tech/help/cacr,2,M,"QApp CACR page is secondary and covers the competition, not implementations; OpenSSL Conference 2025 slides on PQC in Tongsuo show a Chinese-maintained library implementing PQC schemes; no hardened or certified domestic PQC product verified.",https://archive.openssl-conference.org/2025/presentations/Yuchen_Wang_PQC_in_China_and_the_development_of_PQC_in_Tongsuo.pdf
China,B3,PQC validation & evaluation,https://docbox.etsi.org/Workshop/2018/201811_ETSI_IQC_QUANTUMSAFE/EXECUTIVETRACK/JING_CHINESEACCADEMYOFSCIENCE.pdf,2,M,"ETSI 2018 slide PDF fetched but did not parse; the CACR 2018-19 competition evaluated 36 submissions and the ICCS call defines formal evaluation rounds, which is a national PQC evaluation activity; a PQC product testing/certification programme is only reported by a vendor blog and not verified.",https://www.niccs.org.cn/symmbzyjy/tzgg/pc/content/1976155884915003392/content_1976155884915003392.html
Germany,B1,Indigenous PQC primitive,https://pq-crystals.org/,3,H,"pq-crystals.org lists German-affiliated designers (Kiltz at Bochum, Schwabe at MPI-SP, Avanzi at ARM Germany) on the CRYSTALS-Kyber/Dilithium team; the schemes were standardized by NIST, not a German body, so co-authored scheme submitted to an international process.",
Germany,B2,PQC implementation control,https://www.bsi.bund.de/,3,H,"BSI Botan page: Rohde & Schwarz Cybersecurity maintains Botan under BSI contract and BSI recommends the reviewed release 3.7.1-RSCS1 implementing ML-KEM, FrodoKEM, Classic McEliece, ML-DSA, SLH-DSA, XMSS and HSS/LMS with side-channel countermeasures for security-sensitive use.",https://www.bsi.bund.de/EN/Themen/Unternehmen-und-Organisationen/Informationen-und-Empfehlungen/Kryptografie/Kryptobibliothek-Botan/kryptobibliothek-botan_node.html
Germany,B3,PQC validation & evaluation,https://www.bsi.bund.de/EN/Themen/Unternehmen-und-Organisationen/Informationen-und-Empfehlungen/Kryptografie/kryptografie_node.html,3,M,"BSI cryptography landing page is generic; the Infineon press page did not render its body, but multiple secondary reports state BSI issued a Common Criteria EAL6 certificate for Infineon's ML-KEM implementation in Jan 2025, evidencing a national PQC certification capability.",https://www.infineon.com/press-release/2025/infcss202501-043
France,B1,Indigenous PQC primitive,https://falcon-sign.info/,3,M,"falcon-sign.info names the Falcon designers (including Fouque, Pornin, Prest, Ricosset) and the Nov 2017 NIST submission; the page does not list affiliations, so the French attribution (Rennes, Thales) is inferred; Falcon was selected by NIST, not a French body.",
France,B2,PQC implementation control,https://cyber.gouv.fr/,3,H,"cyber.gouv.fr root page is generic; the ANSSI news item reports a Common Criteria certificate for the Thales MultiApp 5.2 Premium PQC smartcard (Sept 2025), a French production PQC implementation.",https://cyber.gouv.fr/actualites/premiers-visas-de-securite-incluant-de-la-cryptographie-post-quantique
France,B3,PQC validation & evaluation,https://cyber.gouv.fr/actualites/premiers-visas-de-securite-incluant-de-la-cryptographie-post-quantique,3,H,"ANSSI page: first CC certificates for products including lattice-based PQC (Thales, Samsung) issued Sept/Oct 2025 with evaluation by the CEA-Leti CESTI, a national PQC certification capability; the 2027 PQC-only certification rule is announced, not yet in force.",https://thequantuminsider.com/2026/06/18/france-says-it-will-wont-certify-security-products-that-arent-quantum-resistent-starting-in-2027/
Canada,B1,Indigenous PQC primitive,https://uwaterloo.ca/math/news/waterloo-researchers-leading-quest-protect-against-quantum,3,H,"Waterloo news page: SIKE (led by David Jao, Waterloo) and FrodoKEM (co-designed by Stebila) were NIST submissions and Schanck was on NTRU/Kyber; SIKE was later broken and no indigenous scheme is nationally standardized.",https://csrc.nist.gov/csrc/media/Projects/post-quantum-cryptography/documents/round-4/submissions/SIKE-spec.pdf
Canada,B2,PQC implementation control,https://openquantumsafe.org/,2,M,"openquantumsafe.org describes OQS/liboqs (Waterloo-originated, now under the Linux Foundation PQCA) as software for research and prototype integrations, a domestic implementation of standard schemes but not a hardened production stack.",
Canada,B3,PQC validation & evaluation,https://www.cyber.gc.ca/en/guidance/preparing-your-organization-quantum-threat-cryptography-itsap00017,3,M,ITSAP.00.017 states the Cyber Centre co-operates CMVP with NIST and is updating CAVP/CMVP to test PQC implementations; this is a shared US-Canada validation capability rather than a purely national programme.,https://www.cyber.gc.ca/en/news-events/cyber-centre-celebrates-new-nist-post-quantum-standards
Australia,B1,Indigenous PQC primitive,https://users.monash.edu/~rste/Titanium_NISTSub.pdf,3,H,"Titanium NIST submission PDF fetched but did not parse; the Titanium HTML page confirms the Monash team (Steinfeld, Sakzad, Zhao) submitted Titanium to NIST in Nov 2017; it did not advance beyond Round 1.",https://users.monash.edu.au/~rste/Titanium.html
Australia,B2,PQC implementation control,https://users.monash.edu.au/~rste/,2,M,"Steinfeld's page lists Titanium research software; secondary reports say Senetas (Melbourne) ships PQC encryptors, but no hardened or certified domestic PQC implementation could be verified.",https://quantumzeitgeist.com/quantum-readiness-senetas-addressed-adelaidesec/
Australia,B3,PQC validation & evaluation,https://www.cyber.gov.au/resources-business-and-government/essential-cyber-security/ism/cyber-security-guidelines/guidelines-cryptography,2,L,"ISM cryptography page failed to load (ECONNRESET on two attempts); secondary reports state the ASD ISM lists ASD-approved PQC algorithms with a 2030 transition deadline, a national approval activity; no PQC product testing or certification capability verified.",https://www.theregister.com/2024/12/17/australia_dropping_crypto_keys/
India,B1,Indigenous PQC primitive,https://postquantum.com/security-pqc/indias-quantum-safe-roadmap/,1,M,postquantum.com summary of the DST task force report: India adopts NIST algorithms and only plans indigenous algorithm assessment for 2028-2030; DRDO and academic PQC research exists but no indigenous candidate has been published.,https://dst.gov.in/sites/default/files/Report_TaskForce_PQMigration_4Feb26%20(v1).pdf
India,B2,PQC implementation control,https://postquantum.com/security-pqc/indias-quantum-safe-roadmap/,2,M,"postquantum.com page reports no Indian PQC libraries; the C-DOT Quantum Alliance page describes indigenously developed PQC-capable products (CEM encryptor, quantum-secure IP phone), a domestic implementation without evidence of hardening or deployment.",https://www.cdot.in/cdotweb/web/quantumAlliance.php
India,B3,PQC validation & evaluation,https://iciss.isrdc.in/2024/?page_id=2518,1,M,"ICISS 2024 page is a PQC training workshop by DRDO, C-DAC and IIITDM staff; the task force plans TEC/STQC/BIS PQC labs by Dec 2026, which is announced rather than operational.",https://postquantum.com/security-pqc/indias-quantum-safe-roadmap/
Brazil,B1,Indigenous PQC primitive,https://eprint.iacr.org/2019/085.pdf,3,M,"eprint 2019/085 PDF did not parse; the abstract page shows it is qTESLA, a NIST Round 2 submission co-designed by Brazilians Barreto and Ricardini; affiliations are not shown on the page and are inferred; no indigenous scheme nationally standardized.",https://eprint.iacr.org/2019/085
Brazil,B2,PQC implementation control,https://kryptus.com/newsroom-kryptus/assinatura-pos-quantica-ac-raiz/,3,M,"Kryptus newsroom: the national kNET HSM (stated CAVP-certified for PQC since 2024) performed the first ML-DSA signature test for AC-Raiz with ITI in Nov 2025; a domestic production PQC implementation, but vendor self-reported.",
Brazil,B3,PQC validation & evaluation,https://capitaldigital.com.br/portaria-do-iti-estabelece-algoritmos-pos-quanticos-aos-padroes-da-icp-brasil/,2,M,"Capital Digital reports ITI Instrução Normativa 35 (Feb 2026) defining PQC algorithm standards for ICP-Brasil, together with the ITI/Kryptus experimental test; no PQC-specific homologation or certification capability is evidenced.",https://kryptus.com/newsroom-kryptus/assinatura-pos-quantica-ac-raiz/
Estonia,B1,Indigenous PQC primitive,https://cyber.ee/resources/news/cybernetica-and-university-of-tartu-cooperate-to-study-quantum-safe-cryptography/,1,M,Cybernetica/Tartu news (July 2021) describes a joint doctoral project on quantum-safe algorithms for i-voting; domestic research on existing schemes with no indigenous candidate published.,
Estonia,B2,PQC implementation control,https://cyber.ee/resources/news/estonia-pqc-transition/,2,M,Cybernetica transition page describes roadmap and readiness contracts rather than deployments; the ResQuant news item shows Cybernetica software implementations of PQC algorithms in a 2024 proof of concept.,https://cyber.ee/resources/news/res-quant-pqc/
Estonia,B3,PQC validation & evaluation,https://ccdcoe.org/uploads/2024/05/CyCon_2024_Vakarjuk_Snetkov_Laud-1.pdf,1,M,"CyCon 2024 PDF fetched but did not parse; per the CCDCOE listing it is an academic obstacle analysis by Cybernetica authors; government-commissioned readiness assessments are migration studies, not PQC evaluation or certification.",https://cyber.ee/resources/news/estonia-pqc-transition/
Belgium,B1,Indigenous PQC primitive,https://www.esat.kuleuven.be/cosic/pqcrypto/saber/,3,H,"Saber page (COSIC, KU Leuven) documents the Belgian-designed Module-LWR KEM submitted to NIST and reaching Round 3 finalist status; not standardized.",https://github.com/KULeuven-COSIC/SABER
Belgium,B2,PQC implementation control,https://www.esat.kuleuven.be/cosic/pqcrypto/saber/files/maskedSaber.pdf,2,M,"maskedSaber.pdf fetched but did not parse; the KU Leuven COSIC GitHub hosts reference and masked Saber implementations, research-grade domestic implementations rather than hardened products.",https://github.com/KULeuven-COSIC/SABER
Belgium,B3,PQC validation & evaluation,https://www.esat.kuleuven.be/cosic/,1,M,COSIC homepage mentions industry security evaluations only generically; no national PQC evaluation or certification activity found (Brightsight's PQC evaluation labs are not located in Belgium).,
Austria,B1,Indigenous PQC primitive,https://sphincs.org/,3,M,"sphincs.org failed to load (parse error, twice); TU Graz news (July 2022) confirms TU Graz researchers co-designed SPHINCS+, which NIST later standardized as SLH-DSA; standardization by a foreign body.",https://www.tugraz.at/en/news/article/auch-fuer-quantencomputer-unknackbar-krypto-algorithmus-mit-tu-graz-handschrift-wird-standard0
Austria,B2,PQC implementation control,https://www.tugraz.at/en/news/article/tu-graz-entwickelt-hardware-architektur-fuer-post-quantum-kryptographie,2,M,TU Graz news (Oct 2024): the KaLi coprocessor for Kyber/Dilithium is a research prototype; Infineon's Graz-site PQC chip demos belong to a German company.,
Austria,B3,PQC validation & evaluation,https://www.iaik.tugraz.at/,1,M,iaik.tugraz.at redirects to isec.tugraz.at (academic institute); A-SIT is a QSCD confirmation body with no PQC-specific evaluation programme found; PQC side-channel work is academic.,https://www.a-sit.at/en/confirmation-evaluation/qscd-certificates/
Argentina,B1,Indigenous PQC primitive,https://www.arsat.com.ar/arsat-desarrollo-cryptocomm-un-sistema-de-seguridad-criptografica-post-cuantica/,2,M,ARSAT page (June 2022): CryptoComm was built with local cryptographers using 'original post-quantum algorithms'; no publication or submission to an international process was found.,https://dplnews.com/argentina-arsat-presenta-sistema-de-seguridad-criptografica-post-cuantica-cryptocomm/
Argentina,B2,PQC implementation control,https://www.arsat.com.ar/arsat-desarrollo-cryptocomm-un-sistema-de-seguridad-criptografica-post-cuantica/,2,M,ARSAT page: CryptoComm software version distributed to agencies and a hardware version with INVAP; a domestic implementation of unvalidated non-standard schemes with no hardening evidence.,
Argentina,B3,PQC validation & evaluation,https://revistafibra.info/arsat-desarrollo-cryptocomm-un-sistema-de-seguridad-criptografica-post-cuantica/,0,L,"revistafibra.info returned HTTP 404; the ARSAT page and secondary coverage mention no evaluation, certification or independent analysis of CryptoComm.",https://www.arsat.com.ar/arsat-desarrollo-cryptocomm-un-sistema-de-seguridad-criptografica-post-cuantica/
Egypt,B1,Indigenous PQC primitive,https://thequantuminsider.com/2026/07/25/inside-africas-coordinated-race-to-secure-a-post-quantum-future/,1,L,Quantum Insider article only says Egyptian university hubs are standing up PQC master's programs and research groups; a 2025 Cairo conference paper reviews lattice-based cryptography; no indigenous candidate.,https://iopscience.iop.org/article/10.1088/1742-6596/3075/1/012013
Egypt,B2,PQC implementation control,https://thequantuminsider.com/2026/07/25/inside-africas-coordinated-race-to-secure-a-post-quantum-future/,0,L,Article mentions no Egyptian PQC implementation and searches found none.,
Egypt,B3,PQC validation & evaluation,https://thequantuminsider.com/2026/07/25/inside-africas-coordinated-race-to-secure-a-post-quantum-future/,1,L,"Article mentions no Egyptian PQC evaluation or certification; only an academic review paper (Cairo, 2025) was found.",https://iopscience.iop.org/article/10.1088/1742-6596/3075/1/012013
Algeria,B1,Indigenous PQC primitive,https://www.encryptionconsulting.com/pqc-migration-deadlines-by-country/,0,L,encryptionconsulting page does not mention Algeria; searches found no Algerian PQC algorithm or research record.,
Algeria,B2,PQC implementation control,https://www.encryptionconsulting.com/pqc-migration-deadlines-by-country/,0,L,encryptionconsulting page does not mention Algeria; no Algerian PQC implementation found.,
Algeria,B3,PQC validation & evaluation,https://www.encryptionconsulting.com/pqc-migration-deadlines-by-country/,0,L,encryptionconsulting page does not mention Algeria; no Algerian PQC evaluation record found.,
Bahrain,B1,Indigenous PQC primitive,https://www.sandboxaq.com/press/bahrain-government-takes-definitive-step-toward-building-a-quantum-safe-economy-through-strategic-partnership-with-sandboxaq,0,L,SandboxAQ press release (Dec 2025): NCSC Bahrain deploys SandboxAQ's AQtive Guard across ministries; no Bahraini PQC algorithm or research mentioned.,
Bahrain,B2,PQC implementation control,https://postquantum.com/quantum-computing/quantum-middle-east/,0,L,postquantum.com Middle East page mentions Bahrain only in passing; the only PQC capability found is the foreign SandboxAQ platform.,https://www.sandboxaq.com/press/bahrain-government-takes-definitive-step-toward-building-a-quantum-safe-economy-through-strategic-partnership-with-sandboxaq
Bahrain,B3,PQC validation & evaluation,https://postquantum.com/quantum-computing/quantum-middle-east/,0,L,postquantum.com page has no Bahrain PQC content; cryptographic assessment relies on the foreign SandboxAQ tooling.,https://www.sandboxaq.com/press/bahrain-government-takes-definitive-step-toward-building-a-quantum-safe-economy-through-strategic-partnership-with-sandboxaq
Ethiopia,B1,Indigenous PQC primitive,https://www.encryptionconsulting.com/pqc-migration-deadlines-by-country/,0,L,encryptionconsulting page does not mention Ethiopia; searches found no Ethiopian PQC algorithm or research record.,
Ethiopia,B2,PQC implementation control,https://www.encryptionconsulting.com/pqc-migration-deadlines-by-country/,0,L,encryptionconsulting page does not mention Ethiopia; no Ethiopian PQC implementation found.,
Ethiopia,B3,PQC validation & evaluation,https://www.encryptionconsulting.com/pqc-migration-deadlines-by-country/,0,L,encryptionconsulting page does not mention Ethiopia; no Ethiopian PQC evaluation record found.,
Ghana,B1,Indigenous PQC primitive,https://thequantuminsider.com/2026/07/25/inside-africas-coordinated-race-to-secure-a-post-quantum-future/,1,L,"Quantum Insider article mentions Ghanaian university research groups; a KNUST-affiliated arXiv paper (May 2025) benchmarks NIST PQC algorithms, i.e. research on foreign schemes.",https://arxiv.org/html/2505.02239v1
Ghana,B2,PQC implementation control,no public PQC record,0,L,"No public record; the KNUST benchmarking paper is analysis, not a maintained implementation.",https://arxiv.org/html/2505.02239v1
Ghana,B3,PQC validation & evaluation,no public PQC record,1,L,"No national record; only academic performance analysis of PQC algorithms from KNUST (arXiv, May 2025).",https://arxiv.org/html/2505.02239v1
Botswana,B1,Indigenous PQC primitive,no public PQC record,0,L,No source provided; searches found no Botswana PQC record.,
Botswana,B2,PQC implementation control,no public PQC record,0,L,No source provided; searches found no Botswana PQC implementation.,
Botswana,B3,PQC validation & evaluation,no public PQC record,0,L,No source provided; searches found no Botswana PQC evaluation record.,
Cameroon,B1,Indigenous PQC primitive,https://eprint.iacr.org/2026/1761,2,M,"eprint 2026/1761: University of Bamenda researchers co-author (with French partners) a new lattice-based authenticated key exchange construction; a proposed PQC protocol built on existing primitives, not a scheme submitted to a standardization process.",
Cameroon,B2,PQC implementation control,https://eprint.iacr.org/2026/1761,1,L,"eprint 2026/1761 reports a benchmark implementation of the proposed protocol; research code only, no maintained domestic library.",
Cameroon,B3,PQC validation & evaluation,no public PQC record,1,L,No national record; the eprint 2026/1761 paper provides academic security analysis only.,https://eprint.iacr.org/2026/1761
Cote d'Ivoire,B1,Indigenous PQC primitive,no public PQC record,0,L,No source provided; searches found no Ivorian PQC record.,
Cote d'Ivoire,B2,PQC implementation control,no public PQC record,0,L,No source provided; searches found no Ivorian PQC implementation.,
Cote d'Ivoire,B3,PQC validation & evaluation,no public PQC record,0,L,No source provided; searches found no Ivorian PQC evaluation record.,
Malaysia,B1,Indigenous PQC primitive,https://eprint.iacr.org/2026/064,3,H,"KAZ-SIGN (UPM, principal submitter Kamel Ariffin) was submitted to NIST's additional digital signature process (round 1 spec on csrc.nist.gov) and the KAZ suite entered Malaysia's MySEAL 2.0 AKBA evaluation; no national standardization yet and the eprint 2026/064 attack breaks all four KAZ schemes, so not level 4.",https://csrc.nist.gov/csrc/media/Projects/pqc-dig-sig/documents/round-1/spec-files/kaz-sign-spec-web.pdf; https://mykripto.cybersecurity.my/index.php/services/myseal/myseal-category/akba-myseal/akba-myseal-2-1
Malaysia,B2,PQC implementation control,https://berita.rtm.gov.my/nasional/senarai-berita-nasional/senarai-artikel/upm-bangun-teknologi-kaz-sign-teraju-keselamatan-digital-pasca-kuantum-negara/,1,L,"RTM article (Nov 2025) reports a UPM/Phison/MaiStorage KAZ-SIGN prototype of a non-standard (and since broken) scheme; no public domestic implementation of standard PQC schemes found, and the July 2026 Quantum Cryptography Sandbox is announced not operational.",https://www.malaymail.com/news/malaysia/2026/07/09/going-beyond-encryption-malaysia-rolls-out-quantum-cryptography-sandbox-to-safeguard-digital-borders/226998
Malaysia,B3,PQC validation & evaluation,https://mykripto.cybersecurity.my/,2,H,"MyKripto (CyberSecurity Malaysia) runs the MySEAL 2.0 AKBA evaluation of PQC candidates and advertises a PQC Product Validation & Certification facility, but no issued PQC certificates or named PQC test lab are public, so scored as national evaluation activity rather than certification capability.",https://mykripto.cybersecurity.my/index.php/services/post-quantum-cryptography-initiatives/pqc-services
Israel,B1,Indigenous PQC primitive,https://postquantum.com/post-quantum/sovereignty-quantum-pqc/,1,M,"The provided article only notes Israel's general cryptographic research; Ynet reports the National Digital Agency stating Israel is not developing its own algorithms and is tracking NIST, while university groups (e.g., BGU network-coding PQC work) publish PQC research on foreign schemes.",https://www.ynetnews.com/business/article/h1srzlgqkl; https://cris.bgu.ac.il/en/publications/network-coding-based-post-quantum-cryptography/
Israel,B2,PQC implementation control,https://www.globenewswire.com/news-release/2026/08/18/3346659/0/en/allot-leads-industry-and-academic-partners-to-launch-post-quantum-communications-consortium.html,2,M,"The Aug 2026 Allot-led consortium is a newly launched development effort (planned, not deployed); separately Israeli vendors Enquantum (IIA-backed FPGA PQC engine) and RAD (crypto-agile platform with hybrid PQC key exchange) market domestic PQC implementations, supporting level 2 but not verified hardened/certified production.",https://www.enquantum.io/; https://www.rad.com/use_case/post-quantum-security/
Israel,B3,PQC validation & evaluation,https://postquantum.com/post-quantum/sovereignty-quantum-pqc/,1,L,"No national PQC evaluation or certification programme found; the consortium will 'develop and evaluate' PQC technologies in future and the National Digital Agency directive is a readiness mandate, so only academic analysis is evidenced.",https://www.ynetnews.com/business/article/h1srzlgqkl
Iran,B1,Indigenous PQC primitive,https://scientiairanica.sharif.edu/?_action=xml&article=21044,2,M,"Sharif University researchers propose provably secure lattice-based (SPRING-based) authenticated encryption schemes in Scientia Iranica, an indigenous PQC construction proposed in a journal; no submission to an international standardization process or national PQC call found.",
Iran,B2,PQC implementation control,https://scientiairanica.sharif.edu/?_action=xml&article=21044,1,L,Only academic software benchmarks of the authors' own schemes on Intel CPUs are evidenced; no domestic implementation of standard PQC schemes or national PQC library was found in search.,
Iran,B3,PQC validation & evaluation,https://scientiairanica.sharif.edu/?_action=xml&article=21044,1,L,Only academic security proofs and analysis in the Sharif paper; no national PQC evaluation activity or programme found.,
Japan,B1,Indigenous PQC primitive,https://nvlpubs.nist.gov/nistpubs/ir/2019/NIST.IR.8240.pdf,3,H,"NIST IR 8240 PDF was not readable via fetch, but the QR-UOV round-2 specification on csrc.nist.gov (principal submitter Hiroki Furue; U. Tokyo, NTT, Kyushu, Nagasaki) shows an indigenous Japanese scheme in NIST's additional signature process; CRYPTREC has listed ML-KEM, not a Japanese PQC scheme, so not level 4.",https://csrc.nist.gov/csrc/media/Projects/pqc-dig-sig/documents/qruov-spec-round2-web.pdf; https://sj.jst.go.jp/news/202503/n0310-02k.html
Japan,B2,PQC implementation control,https://nvlpubs.nist.gov/nistpubs/ir/2019/NIST.IR.8240.pdf,2,L,"Domestic implementations exist for QR-UOV (reference and Cortex-M4 implementations released 2025 by the Japanese team), but I could not verify a domestic production or hardened implementation of the standard NIST schemes by Japanese vendors, so scored 2 on inference.",https://info.isl.ntt.co.jp/crypt/qruov/
Japan,B3,PQC validation & evaluation,https://www.cryptrec.go.jp/whatsnew.html,3,H,"CRYPTREC (national body) issued PQC guidelines (2023, updated 2025), research-trend reports, a commissioned ML-KEM security evaluation report (CRYPTREC-EX-3501-2025, Jan 2026) and added ML-KEM to the e-Government recommended list on 30 Mar 2026; JCMVP module testing of PQC not yet evidenced, so not level 4.",https://www.cryptrec.go.jp/exreport/cryptrec-ex-3501-2025.pdf
Netherlands,B1,Indigenous PQC primitive,https://www.cwi.nl/en/stories/cwis-leo-ducas-involved-in-two-primary-new-nist-post-quantum-cryptography-standards/,3,H,"CWI's Leo Ducas is a co-designer of CRYSTALS-Kyber and Dilithium, selected by NIST in July 2022 (now FIPS 203/204); standardization is by a foreign body and no Dutch national standard of an indigenous scheme exists, so level 3 not 4.",
Netherlands,B2,PQC implementation control,https://www.nxp.com/company/about-nxp/smarter-world-blog/BL-STANDARDIZATION-OF-POST-QUANTUM-CRYPTOGRAPHY,3,M,"NXP (Eindhoven) co-authored Kyber and reports side-channel-hardened ML-DSA implementations in immutable memory for secure boot on its products, with Keysight-assisted side-channel evaluation; a full domestic toolchain claim is not evidenced.",https://www.nxp.com/company/about-nxp/smarter-world-blog/BL-SECURING-TOMORROW-PQC-STRATEGY; https://www.eetasia.com/keysight-and-nxp-tackle-post-quantum-cryptography/
Netherlands,B3,PQC validation & evaluation,https://english.aivd.nl/latest/news/2024/12/03/aivd-cwi-and-tno-publish-renewed-handbook-for-quantum-safe-cryptography,2,M,"AIVD/CWI/TNO PQC Migration Handbook (2nd ed., Dec 2024) and the NBV product-evaluation pages state that supplementary evaluation criteria for quantum-safe products are still being developed, so a national PQC evaluation activity exists but not an operational PQC certification capability.",https://www.aivd.nl/onderwerpen/aandachtsgebieden/informatiebeveiliging/ontwikkeling-en-evaluatie-beveiligingsproducten
Mexico,B1,Indigenous PQC primitive,https://www.researchgate.net/scientific-contributions/Francisco-Rodriguez-Henriquez-2034318379,2,L,"ResearchGate returned 403; sqisign.org lists Francisco Rodríguez-Henríquez among the SQIsign (NIST additional signature) authors but under Technology Innovation Institute, UAE, so credit to Mexico rests on his CINVESTAV isogeny work (SIDH/CSIDH optimizations) and is scored as an indigenous candidate contribution, not a Mexican-affiliated submission.",https://sqisign.org/; https://dblp.org/pid/64/3154.html
Mexico,B2,PQC implementation control,https://www.scielo.org.mx/scielo.php?script=sci_arttext&pid=S1405-55462021000400729,1,L,"The SciELO paper (BUAP/CINVESTAV) evaluates Dilithium, Falcon and Rainbow for Mexico's CFDI invoices using existing implementations; CINVESTAV academic isogeny implementations exist but no maintained domestic implementation of standard PQC schemes was found.",https://eprint.iacr.org/2023/793.pdf
Mexico,B3,PQC validation & evaluation,https://www.researchgate.net/scientific-contributions/Francisco-Rodriguez-Henriquez-2034318379,1,M,"Only academic performance/security analysis (CINVESTAV, BUAP papers) is evidenced; no national PQC evaluation activity or programme found.",https://www.scielo.org.mx/scielo.php?script=sci_arttext&pid=S1405-55462021000400729
New Zealand,B1,Indigenous PQC primitive,https://www.math.auckland.ac.nz/~sgal018/,1,M,"Galbraith's Auckland page shows active isogeny-based PQC research, whitepapers and an MBIE-funded NZ-Australia PQC project, but no indigenous scheme submitted to an international process.",
New Zealand,B2,PQC implementation control,https://nzism.gcsb.govt.nz/ism-document/pdf/Section/12224,0,M,NZISM v3.9 section 2.4 (fetched via search snippet; direct PDF fetch returned empty) states no PQC systems are yet approved and agencies should inventory and plan; no domestic PQC implementation is evidenced.,https://quantumzeitgeist.com/otago-university-post-quantum-computing-gciso/
New Zealand,B3,PQC validation & evaluation,https://www.math.auckland.ac.nz/~sgal018/,1,M,"Academic analysis (Auckland cryptanalysis and the Data61/Auckland quantum-threat report) only; GCSB says it will review standards for NZISM once published, no national PQC evaluation activity yet.",https://nzism.gcsb.govt.nz/ism-document/pdf/Section/12224
Pakistan,B1,Indigenous PQC primitive,https://www.nature.com/articles/s41598-025-28413-8,1,M,"The Scientific Reports paper (Air University, NUST et al.) integrates NIST ML-DSA/ML-KEM into an IIoT authentication protocol; it is domestic research on foreign schemes, not a new primitive.",
Pakistan,B2,PQC implementation control,https://www.nature.com/articles/s41598-025-28413-8,1,M,The paper configures existing ML-KEM/ML-DSA libraries in TLS 1.3 and X.509 on Raspberry Pi hardware (wrapping foreign implementations); no domestic PQC library found.,
Pakistan,B3,PQC validation & evaluation,https://www.nature.com/articles/s41598-025-28413-8,1,L,Only academic benchmarking in the paper; no national PQC evaluation or certification activity found in search.,
Indonesia,B1,Indigenous PQC primitive,https://bsn.go.id/main/berita/detail/25342/bsn-bssn-perkuat-sinergi-persiapan-migrasi-ke-algoritma-post-quantum-cryptography,0,L,"bsn.go.id fetch failed (connection refused); secondary reporting on the BSN-BSSN PQC migration coordination and the June 2026 national PQC task force says Indonesia will adopt international (NIST) algorithms, and no Indonesian PQC candidate or PQC research artifact was found.",https://www.komite.id/2026/06/30/bssn-pembentukan-task-force-roadmap-pqc-migration-better-late-than-never-oleh-dr-rudi-rusdiah-anggota-taskforce-national-pqc-migration-road-map/
Indonesia,B2,PQC implementation control,https://bsn.go.id/main/berita/detail/25342/bsn-bssn-perkuat-sinergi-persiapan-migrasi-ke-algoritma-post-quantum-cryptography,0,M,"The task force is drafting a Presidential Regulation and roadmap with pilots planned; no domestic PQC implementation is reported, so imports only.",https://www.komite.id/2026/06/30/bssn-pembentukan-task-force-roadmap-pqc-migration-better-late-than-never-oleh-dr-rudi-rusdiah-anggota-taskforce-national-pqc-migration-road-map/
Indonesia,B3,PQC validation & evaluation,https://bsn.go.id/main/berita/detail/25342/bsn-bssn-perkuat-sinergi-persiapan-migrasi-ke-algoritma-post-quantum-cryptography,1,L,"BSSN is preparing PQC recognition and migration guidelines and BSN conformity-assessment support (planned); BSSN Reg. 11/2024 conformity assessment covers national classical algorithms, so no operational PQC evaluation activity is evidenced.",https://www.bssn.go.id/uji-publik-rancangan-peraturan-bssn-tentang-penyelenggaraan-algoritma-kriptografi-indonesia-dan-rancangan-peraturan-bssn-tentang-penyelenggaraan-skema-sertifikasi-common-criteria-indonesia/
Morocco,B1,Indigenous PQC primitive,https://thequantuminsider.com/2026/07/25/inside-africas-coordinated-race-to-secure-a-post-quantum-future/,1,L,"The Quantum Insider piece mentions Morocco only as a university hub; searches show DGSSI-hosted cryptology conferences and university groups (UM6P, ENSIAS) with PQC research intent, no indigenous scheme.",https://www.dgssi.gov.ma/en/actualites/16th-edition-international-conference-cryptology
Morocco,B2,PQC implementation control,https://thequantuminsider.com/2026/07/25/inside-africas-coordinated-race-to-secure-a-post-quantum-future/,0,L,No Moroccan PQC implementation or library found in the provided source or searches.,
Morocco,B3,PQC validation & evaluation,https://thequantuminsider.com/2026/07/25/inside-africas-coordinated-race-to-secure-a-post-quantum-future/,0,L,Only planned DGSSI cryptographic audits and a future migration roadmap are reported by secondary sources; no PQC evaluation activity found.,https://rmgsolutions.ma/en/ressources/dgssi-compliance-morocco-complete-guide-2026
Jordan,B1,Indigenous PQC primitive,https://thesai.org/Downloads/Volume16No4/Paper_62-Designing_Quantum_Resilient_Blockchain_Frameworks.pdf,0,L,The IJACSA paper is an architectural integration of existing PQC/QKD/QRNG (no new primitive) and its listed authors show no Jordanian affiliation on the publisher page; no Jordanian PQC research artifact found.,https://thesai.org/Publications/ViewPaper?Volume=16&Issue=4&Code=IJACSA&SerialNo=62
Jordan,B2,PQC implementation control,https://www.encryptionconsulting.com/pqc-migration-deadlines-by-country/,0,M,"The provided page does not mention Jordan; the Central Bank of Jordan's Jan 2026 roadmap is a phased migration plan (inventory, governance, sandbox pilots) with no domestic implementation, so imports only.",https://www.petra.gov.jo/Include/InnerPage.jsp?ID=79851&lang=en&name=en_news
Jordan,B3,PQC validation & evaluation,https://thesai.org/Downloads/Volume16No4/Paper_62-Designing_Quantum_Resilient_Blockchain_Frameworks.pdf,0,L,"The CBJ roadmap calls for future pilot testing in non-operational environments (planned, not operational) and the cited paper is not Jordanian evaluation work; no national PQC evaluation activity evidenced.",https://thequantuminsider.com/2026/01/05/central-bank-of-jordan-releases-road-map-to-prepare-for-quantum-transition/
Oman,B1,Indigenous PQC primitive,https://postquantum.com/quantum-computing/quantum-middle-east/,1,L,"The provided article does not cover Oman; a Sultan Qaboos University co-author appears on the Scientific Reports ML-KEM/ML-DSA IIoT paper, evidencing domestic research on foreign schemes only.",https://www.nature.com/articles/s41598-025-28413-8
Oman,B2,PQC implementation control,https://postquantum.com/quantum-computing/quantum-middle-east/,0,L,Only a foreign vendor deployment (ABB quantum-safe encryption for Oman's power network) is reported; no domestic PQC implementation found.,https://new.abb.com/news/detail/40709/abbs-quantum-safe-encryption-helps-secure-omans-power-network
Oman,B3,PQC validation & evaluation,https://postquantum.com/quantum-computing/quantum-middle-east/,0,L,A 'Quantum Cybersecurity Center' appears only as an investment-opportunity prospectus on cert.gov.om (PDF unreadable); no PQC evaluation activity evidenced.,https://cert.gov.om/librarys/investment/Quantum%20Cybersecurity%20Center.pdf
Kuwait,B1,Indigenous PQC primitive,https://postquantum.com/quantum-computing/quantum-middle-east/,0,L,The provided article does not discuss Kuwait; searches found no Kuwaiti PQC research artifact or scheme.,
Kuwait,B2,PQC implementation control,https://postquantum.com/quantum-computing/quantum-middle-east/,0,L,No Kuwaiti PQC implementation found; secondary sources describe Kuwait as observing regional quantum agendas.,https://quantumgate.ae/post-quantum-cryptography-how-governments-worldwide-are-shaping-the-transition-ahead
Kuwait,B3,PQC validation & evaluation,https://postquantum.com/quantum-computing/quantum-middle-east/,0,L,No national PQC evaluation or certification activity found.,
Iraq,B1,Indigenous PQC primitive,https://etasr.com/index.php/ETASR/article/view/10141,1,M,"The ETASR paper (University of Babylon) is a review of lightweight PQC (Kyber, NTRU); Iraqi journals show further survey and IoT-framework papers on foreign schemes, no indigenous primitive.",https://www.ijs.uobaghdad.edu.iq/index.php/eijs/article/view/8635
Iraq,B2,PQC implementation control,https://etasr.com/index.php/ETASR/article/view/10141,0,L,Review paper only; no domestic PQC implementation or library found.,
Iraq,B3,PQC validation & evaluation,https://etasr.com/index.php/ETASR/article/view/10141,1,L,"Academic evaluation papers only (e.g., UHD Journal 'Evaluating Algorithm Resilience'); no national PQC evaluation activity.",https://journals.uhd.edu.iq/index.php/uhdjst/article/view/1408
Lebanon,B1,Indigenous PQC primitive,https://www.researchgate.net/publication/399393461_Institutional_Approaches_to_Post-Quantum_Cryptography_A_Comparative_Analysis_of_Migration_Frameworks,1,L,"ResearchGate returned 403; search snippets attribute the comparative migration-frameworks paper to Beirut Arab University and AUB authors, and AUB applied-cryptography courses cover PQC, so domestic research on foreign schemes only.",https://symbolic.software/blog/2026-07-22-why-i-teach-cryptography-in-lebanon/
Lebanon,B2,PQC implementation control,https://www.researchgate.net/publication/399393461_Institutional_Approaches_to_Post-Quantum_Cryptography_A_Comparative_Analysis_of_Migration_Frameworks,0,L,Only student course implementations of hybrid PQ systems are reported; no maintained domestic PQC implementation found.,https://symbolic.software/blog/2026-03-23-applied-cryptography-summer/
Lebanon,B3,PQC validation & evaluation,https://www.researchgate.net/publication/399393461_Institutional_Approaches_to_Post-Quantum_Cryptography_A_Comparative_Analysis_of_Migration_Frameworks,1,L,The cited work is an academic comparative analysis of migration frameworks; no national PQC evaluation activity found.,
Kenya,B1,Indigenous PQC primitive,https://techtrendske.co.ke/2025/02/18/kenya-quantum-resistant-cryptography-awareness/,0,L,TechTrends article reports awareness discussions only; no Kenyan PQC research artifact or scheme found.,
Kenya,B2,PQC implementation control,https://techtrendske.co.ke/2025/02/18/kenya-quantum-resistant-cryptography-awareness/,0,M,"Article states Kenya has no PQC mandate and the national PKI still uses conventional cryptography; no domestic PQC implementation found (Kenyan members of the Mauritius-led cyberstorm.mu team are credited to that project, not Kenya).",https://www.ietf.org/blog/open-source-software-post-quantum-cryptography-from-africa/
Kenya,B3,PQC validation & evaluation,https://techtrendske.co.ke/2025/02/18/kenya-quantum-resistant-cryptography-awareness/,0,L,No national PQC evaluation or certification activity found.,
Nigeria,B1,Indigenous PQC primitive,https://techtrendske.co.ke/2025/02/18/kenya-quantum-resistant-cryptography-awareness/,0,L,The Kenyan article mentions Nigeria only as discussing policy frameworks; no Nigerian PQC research artifact or scheme found.,
Nigeria,B2,PQC implementation control,https://www.encryptionconsulting.com/pqc-migration-deadlines-by-country/,0,L,The provided page does not mention Nigeria; searches found no NITDA/ONSA PQC policy artifact or domestic implementation.,
Nigeria,B3,PQC validation & evaluation,https://www.encryptionconsulting.com/pqc-migration-deadlines-by-country/,0,L,No national PQC evaluation or certification activity found.,
Namibia,B1,Indigenous PQC primitive,no public PQC record,0,L,No public PQC record found in searches (only continental Africa Quantum Consortium coverage).,https://thequantuminsider.com/2026/07/25/inside-africas-coordinated-race-to-secure-a-post-quantum-future/
Namibia,B2,PQC implementation control,no public PQC record,0,L,No public PQC implementation record found.,
Namibia,B3,PQC validation & evaluation,no public PQC record,0,L,No public PQC evaluation record found.,
Mauritius,B1,Indigenous PQC primitive,no public PQC record,0,L,No indigenous PQC scheme or PQC research artifact found.,
Mauritius,B2,PQC implementation control,no public PQC record,1,M,"IETF blog (Apr 2025) documents the Mauritius-based cyberstorm.mu team adding ML-KEM hybrid (SECP384r1MLKEM1024) support to GnuTLS and PQC support to nmap, zmap and wireshark, i.e., contributions to foreign libraries rather than a domestic implementation.",https://www.ietf.org/blog/open-source-software-post-quantum-cryptography-from-africa/
Mauritius,B3,PQC validation & evaluation,no public PQC record,0,L,No national PQC evaluation or certification activity found.,
United States,B1,Indigenous PQC primitive,https://csrc.nist.gov/projects/post-quantum-cryptography,4,M,"FIPS 203/204/205 are US national standards and their multinational design teams include US-based designers (Shi Bai at FAU and Tancrede Lepoint on Dilithium; Hoffstein, Whyte and Zhang on Falcon), so authorship credit is partial rather than wholly US.",https://www.math.fau.edu/news/shi-bai-nist-cryptography/index.php
United States,B2,PQC implementation control,https://openquantumsafe.org/,4,H,"Beyond liboqs (Linux Foundation PQCA), AWS-LC ships ML-KEM inside its FIPS module and BoringSSL/Cloudflare CIRCL are US production implementations with CAVP-validated PQC algorithms, i.e. a full domestic implementation and toolchain.",https://github.com/aws/aws-lc/blob/main/crypto/fipsmodule/PQREADME.md
United States,B3,PQC validation & evaluation,https://www.nist.gov/news-events/news/2026/05/nine-candidates-advance-third-round-additional-digital-signatures-pqc,4,H,NIST runs the authoritative PQC evaluation programme (third-round selection May 2026 per IR 8610) and CMVP/CAVP validate FIPS 203/204/205 implementations under SP 800-140C/D.,https://csrc.nist.gov/projects/cryptographic-module-validation-program/fips-140-3-ig-announcements
South Korea,B1,Indigenous PQC primitive,https://pqshield.com/south-korea-announces-winners-of-kpqc-competition/,3,M,"KpqC (NIS/NSR) selected the Korean-designed HAETAE, AIMer, SMAUG-T and NTRU+ in January 2025, but the KS national standard is still described as ongoing on the algorithm site, so the scheme is published and selected rather than nationally standardized.",https://kpqc.cryptolab.co.kr/
South Korea,B2,PQC implementation control,https://kpqc.cryptolab.co.kr/,3,M,"Official reference code for HAETAE/SMAUG-T is published and Korean vendors (Hancom Wide Jan 2025, XGate Apr 2026, ITCEN PNS Jul 2026) hold KCMVP-validated PQC modules, indicating domestic production implementations.",https://www.dataeconomy.co.kr/news/articleView.html?idxno=42583
South Korea,B3,PQC validation & evaluation,https://www.dataeconomy.co.kr/news/articleView.html?idxno=42583,3,M,"The national KCMVP programme validates PQC modules (three certified by July 2026) and a 2026 verification of seven algorithms is planned, a national certification capability but not yet a mature authoritative programme.",https://postquantum.com/post-quantum/pqc-migration-global-divergence/
United Kingdom,B1,Indigenous PQC primitive,https://pqshield.com/falcon-a-post-quantum-signature-scheme/,3,M,"UK designers contributed to schemes submitted to NIST (Post-Quantum Ltd and Royal Holloway's NTS-KEM merged into Classic McEliece; PQShield on Falcon), but no UK national PQC standard exists and the schemes are multinational.",https://pressat.co.uk/releases/post-quantums-algorithm-is-finalist-in-nists-post-quantum-cryptography-competition-fb79d1c70951d74663ed67c8c7e74001/
United Kingdom,B2,PQC implementation control,https://pqshield.com/,3,H,"UK-based PQShield ships PQCryptoLib-Core with FIPS 140-3 certification and CAVP-listed ML-KEM/ML-DSA plus hardware IP, i.e. domestic hardened production implementations.",https://pqshield.com/pqshield-achieves-first-fips-140-3-certification/
United Kingdom,B3,PQC validation & evaluation,https://www.ncsc.gov.uk/collection/ncsc-annual-review-2025/chapter-03-keeping-pace-with-evolving-technology/migrating-to-post-quantum-cryptography,2,M,"NCSC runs a PQC consultancy assurance pilot (ACSC PQC standard) and migration guidance, a national PQC evaluation activity, but no national PQC product testing or certification scheme was found.",https://www.ncsc.gov.uk/schemes/assured-cyber-security-consultancy/pqc-pilot
Singapore,B1,Indigenous PQC primitive,https://postquantum.com/post-quantum/sovereignty-quantum-pqc/,1,M,"The primary source only says Singapore references NIST; NTU Temasek Labs publishes side-channel analyses of NIST lattice schemes, so domestic research on foreign schemes with no indigenous candidate found.",https://www.prasanna-ravi.com/
Singapore,B2,PQC implementation control,https://postquantum.com/post-quantum/sovereignty-quantum-pqc/,1,L,"CSA's Quantum-Safe Migration Handbook adopts NIST algorithms as the baseline and no domestic PQC library or product implementation was found; national activity is mostly QKD (NQSN), which does not count.",https://www.csa.gov.sg/resources/publications/quantum-safe-handbook-and-quantum-readiness-index/
Singapore,B3,PQC validation & evaluation,https://postquantum.com/post-quantum/sovereignty-quantum-pqc/,1,L,"CSA publishes a handbook and self-assessment Quantum Readiness Index, and an IBM-SIT Quantum-Safe Centre for testing is only planned for end 2026, so no operational national PQC evaluation was verified.",https://www.crnasia.com/news/2026/cybersecurity/ibm-and-sit-to-launch-quantum-safe-cybersecurity-center-in-s
Turkey,B1,Indigenous PQC primitive,https://www.semanticscholar.org/paper/Submission-to-NIST-%E2%80%99-s-post-quantum-project-:-Name-Bindel/85bbde6ce6e24add35ee6b62a443b2c1e252ba98,3,H,"qTESLA was submitted to the NIST PQC process with Turkish co-designers Sedat Akleylek (Ondokuz Mayis) and Erdem Alkim (Ege), per the NIST submission and presentation; the primary page fetch returned empty so the NIST presentation was used.",https://csrc.nist.gov/CSRC/media/Presentations/qTesla/images-media/qTESLA-April2018.pdf
Turkey,B2,PQC implementation control,https://cisec.sabanciuniv.edu/,2,L,"Sabanci CISEC develops its own FPGA/hardware implementations of lattice schemes such as Kyber, a domestic academic implementation of standard schemes, but no production or hardened domestic PQC library was verified.",
Turkey,B3,PQC validation & evaluation,https://en.bilgem.tubitak.gov.tr/en/uekae/,1,L,"UEKAE page fetch failed; TUBITAK BILGEM established a Quantum Technologies Division in 2023 with PQC research interests but no public PQC evaluation or certification artifact was found, so academic analysis only.",https://en.bilgem.tubitak.gov.tr/en/quantum-technologies/
Russia,B1,Indigenous PQC primitive,https://link.springer.com/article/10.1007/s11416-024-00520-6,3,H,"Hypericum (QApp, 2024 journal paper) and Shipovnik/Codiaeum/Zemlyanika are indigenous schemes published and proposed to TC26 for standardization; no adopted national PQC standard was found as of the sources.",https://postquantum.com/post-quantum/sovereignty-quantum-pqc/
Russia,B2,PQC implementation control,https://github.com/QAPP-tech/shipovnik_tc26,2,M,"QApp maintains an open C implementation of Shipovnik developed with Kryptonite under TC26 coordination (Streebog-based, KAT support), a domestic implementation of a candidate scheme rather than a hardened product.",
Russia,B3,PQC validation & evaluation,https://postquantum.com/post-quantum/sovereignty-quantum-pqc/,2,M,Secondary reporting describes a TC26 working group (since 2017/2019) and the National Technology Center for Digital Cryptography evaluating candidate algorithms in a competition-like process; no certification programme output verified.,https://postquantum.com/post-quantum/cryptography-pqc-nist/
Switzerland,B1,Indigenous PQC primitive,https://pq-crystals.org/,3,H,"Kyber and Dilithium were co-designed by IBM Research Zurich researchers (Lyubashevsky, Seiler) and submitted to NIST, but Switzerland has no national PQC standard, so the indicator met is submission to an international process.",https://research.ibm.com/blog/nist-quantum-safe-protocols
Switzerland,B2,PQC implementation control,https://research.ibm.com/blog/nist-quantum-safe-protocols,3,M,"Swiss vendors ship production PQC implementations (Kudelski IoT ML-KEM/ML-DSA security IP; Securosys Primus HSM with native PQC), alongside IBM Zurich's work, per vendor announcements.",https://www.kudelski-iot.com/news/kudelski-iot-launches-quantum-resistant-security-ip-future-proofing-semiconductors-against-emerging-quantum-threats
Switzerland,B3,PQC validation & evaluation,https://www.ncsc.admin.ch/dam/ncsc/en/dokumente/strategie/cyberstrategie-ncs/Bericht-zur-Umsetzung-der-NCS_2024-EN.pdf.download.pdf/Bericht-zur-Umsetzung-der-NCS_2024-EN.pdf,1,L,"The NCS report PDF could not be fetched (redirect then 502); public record shows NCSC/BACS recommendations and FINMA Guidance 05/2026 roadmap expectations, but no national PQC evaluation or testing programme was found.",https://www.ey.com/en_ch/insights/cybersecurity/finma-guidance-on-quantum-computing-risk
Ukraine,B1,Indigenous PQC primitive,https://link.springer.com/article/10.1007/s10559-025-00800-z,4,M,"Ukraine has national standards for indigenous lattice schemes, DSTU 8961:2019 (Skelya KEM/encryption) and DSTU 9212:2023 (Vershyna signature), per the Gorbenko and Kandii article and Kharkiv publications; standard texts themselves were not viewed.",https://rt.nure.ua/article/view/239518
Ukraine,B2,PQC implementation control,https://journals.chnu.edu.ua/sisiot/article/view/7,1,L,"The primary source covers FPGA implementations of symmetric standards DSTU 7624/8845, not PQC; no verified domestic production implementation of Skelya/Vershyna was found, so scored low.",
Ukraine,B3,PQC validation & evaluation,https://link.springer.com/article/10.1007/s10559-025-00800-z,2,M,"National standardization of Skelya and Vershyna implies a national evaluation activity, and Karazin University groups publish security analyses of DSTU 8961 in ROM/QROM models; no PQC certification capability was verified.",https://rt.nure.ua/article/view/318798
Vietnam,B1,Indigenous PQC primitive,https://en.nhandan.vn/viet-nam-unveils-breakthroughs-in-postquantum-cryptography-and-security-standards-post158972.html,2,H,"The Government Cipher Committee introduced the hash-based VN-PQSign in February 2026 as a draft TCVN candidate; a public specification or international submission was not found, so it is a candidate proposed.",https://bcy.gov.vn/tin-tuc-su-kien/hoi-thao-gioi-thieu-thuat-toan-chu-ky-so-khang-luong-tu-vn-pqsign-cua-ban-co-yeu-chinh-phu-va-le-929103
Vietnam,B2,PQC implementation control,https://natlawreview.com/press-releases/post-quantum-cryptography-migration-gains-urgency-vietnam-regulatory,1,L,"The source is a vendor press release finding Vietnamese organisations still on RSA/ECC with no PQC migration; the EAL5+ certified Lotus GovID product is classical, and no domestic PQC library was verified.",https://en.nhandan.vn/viet-nam-unveils-breakthroughs-in-postquantum-cryptography-and-security-standards-post158972.html
Vietnam,B3,PQC validation & evaluation,https://natlawreview.com/press-releases/post-quantum-cryptography-migration-gains-urgency-vietnam-regulatory,1,L,"Evaluation and peer review of VN-PQSign is announced for 2026 and the ACR Lab was just launched; nothing operational beyond academic analysis was verified, and the primary source describes a foreign vendor's validation platform.",https://viasm.edu.vn/hdkh/hoi-thao-vn-pqsign-va-le-ra-mat-acr-lab
Taiwan,B1,Indigenous PQC primitive,https://www.iis.sinica.edu.tw/en/page/ResearchOverview/KeyProjects/Post-QuantumCryptography.html,3,H,"Academia Sinica researchers co-designed NIST submissions (Classic McEliece, NTRU Prime, Rainbow, SPHINCS+) and Taiwanese teams field SNOVA and UOV in the on-ramp third round; no Taiwanese national standard exists.",https://snova.pqclab.org/
Taiwan,B2,PQC implementation control,https://newtalk.tw/news/view/2026-09-03/1057613,3,M,"ITRI and Quagga Security completed a general-purpose PQC chip supporting FIPS 203/204/205 (September 2026) and Academia Sinica maintains optimized PQC implementations, indicating domestic production implementations.",https://www.taiwannews.com.tw/news/6231595
Taiwan,B3,PQC validation & evaluation,https://www.iis.sinica.edu.tw/en/page/ResearchOverview/KeyProjects/Post-QuantumCryptography.html,2,M,"MODA's five-year PQC plan funds solution research and verification with a PQC industry alliance and migration guidelines, a national evaluation activity, but no national PQC certification or testing scheme was verified.",https://moda.gov.tw/en/ADI/news/latest-news/19600
UAE,B1,Indigenous PQC primitive,https://pqcnist.tii.ae/,3,H,"TII's official page states it contributed to HQC and to NIST on-ramp candidates including SDitH and SQIsign in round 3, i.e. indigenous co-designed schemes submitted to an international process; no UAE national PQC standard.",
UAE,B2,PQC implementation control,https://www.atrc.gov.ae/news/uae-cyber-security-council-partners-atrc-advance-national-post-quantum-security-transition,3,H,"ATRC states TII develops national cryptographic libraries including PQC algorithms (C library with FPGA implementation, integrated into products since 2021), commercialised via VentureOne, a domestic production implementation.",https://www.tii.ae/news/abu-dhabis-tii-unveils-first-post-quantum-cryptography-library-uae
UAE,B3,PQC validation & evaluation,https://www.atrc.gov.ae/news/uae-cyber-security-council-partners-atrc-advance-national-post-quantum-security-transition,2,M,"TII's Security Laboratory performs cryptographic compliance testing against national requirements and TII publishes PQ-SORT tests and CryptographicEstimators, a national evaluation activity; no PQC-specific certification scheme verified.",https://pqsort.tii.ae/
Saudi Arabia,B1,Indigenous PQC primitive,https://thequantuminsider.com/2026/08/31/pasqal-kacst-quantum-research-saudi-arabia/,1,L,"The KACST-Pasqal agreement (August 2026) only plans to design and test quantum-safe algorithms; no indigenous scheme or candidate exists, so domestic research at most.",https://quantumcomputingreport.com/pasqal-and-kacst-partner-to-advance-post-quantum-cryptography-in-saudi-arabia/
Saudi Arabia,B2,PQC implementation control,https://thequantuminsider.com/2026/08/31/pasqal-kacst-quantum-research-saudi-arabia/,0,L,"No public Saudi PQC implementation or library was found; the partnership foresees future commercial PQC offerings with a foreign vendor, which does not meet any implementation indicator yet.",
Saudi Arabia,B3,PQC validation & evaluation,https://quantumcomputingreport.com/pasqal-and-kacst-partner-to-advance-post-quantum-cryptography-in-saudi-arabia/,1,L,"Testing of quantum-safe solutions at KACST's NCQT is announced, not operational; no national PQC evaluation output found.",
Qatar,B1,Indigenous PQC primitive,https://arxiv.org/pdf/2512.12904,0,L,"The cited arXiv paper (OptHQC) shows no Qatar affiliation and optimizes a foreign scheme; searches found QKD activity (QC2, Ooredoo) but no Qatari PQC research or candidate, so nothing verifiable.",
Qatar,B2,PQC implementation control,https://arxiv.org/pdf/2512.12904,0,L,"No Qatari PQC implementation found; the cited paper is not Qatar-affiliated and national quantum-safe activity is QKD-based, which does not count.",
Qatar,B3,PQC validation & evaluation,https://emudhra.com/en/blog/quantum-ready-key-management-for-qatar-enterprises,0,L,Vendor blog only says Qatari regulators are evaluating PQC guidelines; no national PQC evaluation activity or lab was found.,
Tunisia,B1,Indigenous PQC primitive,https://link.springer.com/book/10.1007/978-3-031-37679-5,1,L,"The cited book is AfricaCrypt 2023 proceedings (conference hosted in Tunisia); hosting a conference and university research groups indicate domestic research only, with no Tunisian scheme found.",https://infosec-conferences.com/event/20260708-africacrypt-2026/
Tunisia,B2,PQC implementation control,https://thequantuminsider.com/2026/07/25/inside-africas-coordinated-race-to-secure-a-post-quantum-future/,0,L,The article mentions Tunisian university hubs in quantum information science only; no Tunisian PQC implementation or library found.,
Tunisia,B3,PQC validation & evaluation,https://link.springer.com/book/10.1007/978-3-032-31130-6,1,L,AfricaCrypt 2026 (Hammamet) proceedings evidence academic cryptanalysis activity in Tunisia; no national PQC evaluation activity found.,
South Africa,B1,Indigenous PQC primitive,https://journal-isi.org/index.php/isi/article/view/1423,1,M,"The cited paper is a readiness study of South African healthcare PQC adoption; SA QuTI universities focus on quantum communication (QKD); domestic research only, no indigenous scheme.",https://www.telecomreviewafrica.com/articles/features/12433-rainbow-nation-to-quantum-nation-south-african-telecoms-quantum-safe-cryptography-era/
South Africa,B2,PQC implementation control,https://www.telecomreviewafrica.com/articles/features/12433-rainbow-nation-to-quantum-nation-south-african-telecoms-quantum-safe-cryptography-era/,0,L,"The article states MTN, Vodacom and Telkom have not deployed PQC; the concrete deployment (QuantumCity Durban) is QKD, which does not count, so no PQC implementation evidenced.",
South Africa,B3,PQC validation & evaluation,https://journal-isi.org/index.php/isi/article/view/1423,1,L,Only academic readiness analysis found; ICASA framework updates are mentioned but no national PQC evaluation activity verified.,
Senegal,B1,Indigenous PQC primitive,https://eprint.iacr.org/2017/1037,3,H,"DAGS (eprint 2017/1037) was a NIST PQC round-1 submission co-designed by UCAD's LACGAA group (Gueye, Dione, N'diaye, Boidje, Klamti), an indigenous scheme submitted to an international process.",https://www.researchgate.net/profile/Cheikh-Thiecoumba-Gueye
Senegal,B2,PQC implementation control,https://www.dags-project.org/,1,L,"dags-project.org could not be fetched (expired certificate); the DAGS team published reference code for its own candidate, but no domestic implementation of standard PQC schemes was found.",https://eprint.iacr.org/2018/1203
Senegal,B3,PQC validation & evaluation,https://eprint.iacr.org/2018/1203,1,H,DAGS Reloaded (eprint 2018/1203) is academic re-parameterization/analysis by the design team; no national evaluation activity exists.,
Rwanda,B1,Indigenous PQC primitive,https://thequantuminsider.com/2026/07/25/inside-africas-coordinated-race-to-secure-a-post-quantum-future/,0,L,"The article only cites AIMS Rwanda's Quantum Leap Africa training in quantum information science, not PQC research; no Rwandan PQC research or scheme found.",
Rwanda,B2,PQC implementation control,no public PQC record,0,L,No public Rwandan PQC implementation found in searches.,
Rwanda,B3,PQC validation & evaluation,no public PQC record,0,L,No public Rwandan PQC evaluation activity found in searches.,
Tanzania,B1,Indigenous PQC primitive,no public PQC record,0,L,"No public Tanzanian PQC research, candidate or scheme found in searches.",
Tanzania,B2,PQC implementation control,no public PQC record,0,L,No public Tanzanian PQC implementation found in searches.,
Tanzania,B3,PQC validation & evaluation,no public PQC record,0,L,No public Tanzanian PQC evaluation activity found in searches.,
Uganda,B1,Indigenous PQC primitive,https://dig.watch/resource/ugandan-national-cybersecurity-strategy-2022-2026,0,L,dig.watch returned 403; the strategy (ega.ee copy) mentions quantum computing only as an emerging risk and contains no PQC research or algorithm activity.,https://ega.ee/wp-content/uploads/2022/08/Ugandan-national-cybersecurity-strategy.pdf
Uganda,B2,PQC implementation control,no public PQC record,0,L,No public Ugandan PQC implementation found in searches.,
Uganda,B3,PQC validation & evaluation,no public PQC record,0,L,No public Ugandan PQC evaluation activity found in searches.,
